{
  "weights": {
    "1H": 0.6,
    "4H": 0.3,
    "D": 0.1
  },
  "agreement_bonus": 0.05,
  "use_regime_adjustment": true,
  "regime_weights": {
    "trending": {
      "1H": 0.5,
      "4H": 0.35,
      "D": 0.15
    },
    "ranging": {
      "1H": 0.7,
      "4H": 0.25,
      "D": 0.05
    },
    "volatile": {
      "1H": 0.6,
      "4H": 0.35,
      "D": 0.05
    }
  },
  "use_dynamic_weights": false,
  "dynamic_weight_window": 50,
  "dynamic_weight_min": 0.1,
  "dynamic_weight_blend": 0.5,
  "min_confidence": 0.55,
  "min_agreement": 0.5,
  "training_results": {
    "1H": {
      "train_accuracy": 0.8751039875769508,
      "val_accuracy": 0.6843594009983361,
      "train_samples": 18031,
      "val_samples": 6010,
      "val_acc_conf_55": 0.7098623853211009,
      "val_samples_conf_55": 5232,
      "val_acc_conf_60": 0.7421570872452484,
      "val_samples_conf_60": 4367,
      "val_acc_conf_65": 0.7798672566371682,
      "val_samples_conf_65": 3616,
      "val_acc_conf_70": 0.8126070572113737,
      "val_samples_conf_70": 2919
    },
    "4H": {
      "train_accuracy": 0.8815989572018249,
      "val_accuracy": 0.6916558018252934,
      "train_samples": 4603,
      "val_samples": 1534,
      "val_acc_conf_55": 0.7089337175792507,
      "val_samples_conf_55": 1388,
      "val_acc_conf_60": 0.7215909090909091,
      "val_samples_conf_60": 1232,
      "val_acc_conf_65": 0.7388059701492538,
      "val_samples_conf_65": 1072,
      "val_acc_conf_70": 0.7531285551763367,
      "val_samples_conf_70": 879
    },
    "D": {
      "train_accuracy": 0.9101796407185628,
      "val_accuracy": 0.4244604316546763,
      "train_samples": 835,
      "val_samples": 278,
      "val_acc_conf_55": 0.39148936170212767,
      "val_samples_conf_55": 235,
      "val_acc_conf_60": 0.3811881188118812,
      "val_samples_conf_60": 202,
      "val_acc_conf_65": 0.35,
      "val_samples_conf_65": 180,
      "val_acc_conf_70": 0.3161764705882353,
      "val_samples_conf_70": 136
    },
    "stacking": {
      "meta_train_accuracy": 0.7522522522522522,
      "meta_val_accuracy": 0.5045045045045045,
      "train_samples": 444,
      "val_samples": 111,
      "meta_val_acc_conf_55": 0.5102040816326531,
      "meta_val_samples_conf_55": 98,
      "meta_val_acc_conf_60": 0.5061728395061729,
      "meta_val_samples_conf_60": 81,
      "meta_val_acc_conf_65": 0.5087719298245614,
      "meta_val_samples_conf_65": 57,
      "meta_val_acc_conf_70": 0.5348837209302325,
      "meta_val_samples_conf_70": 43
    }
  },
  "use_stacking": true
}