{
  "weights": {
    "1H": 0.6,
    "4H": 0.3,
    "D": 0.1
  },
  "agreement_bonus": 0.05,
  "use_regime_adjustment": true,
  "regime_weights": {
    "trending": {
      "1H": 0.5,
      "4H": 0.35,
      "D": 0.15
    },
    "ranging": {
      "1H": 0.7,
      "4H": 0.25,
      "D": 0.05
    },
    "volatile": {
      "1H": 0.6,
      "4H": 0.35,
      "D": 0.05
    }
  },
  "use_dynamic_weights": false,
  "dynamic_weight_window": 50,
  "dynamic_weight_min": 0.1,
  "dynamic_weight_blend": 0.5,
  "min_confidence": 0.55,
  "min_agreement": 0.5,
  "training_results": {
    "1H": {
      "train_accuracy": 0.7761440829460136,
      "val_accuracy": 0.672968624296058,
      "train_samples": 22376,
      "val_samples": 7458,
      "val_acc_conf_55": 0.7050994227068633,
      "val_samples_conf_55": 6236,
      "val_acc_conf_60": 0.739612188365651,
      "val_samples_conf_60": 5054,
      "val_acc_conf_65": 0.7753036437246964,
      "val_samples_conf_65": 3952,
      "val_acc_conf_70": 0.8215024121295658,
      "val_samples_conf_70": 2902
    },
    "4H": {
      "train_accuracy": 0.7841839400801254,
      "val_accuracy": 0.6738107684265552,
      "train_samples": 5741,
      "val_samples": 1913,
      "val_acc_conf_55": 0.7016780609073959,
      "val_samples_conf_55": 1609,
      "val_acc_conf_60": 0.7293064876957495,
      "val_samples_conf_60": 1341,
      "val_acc_conf_65": 0.7666971637694419,
      "val_samples_conf_65": 1093,
      "val_acc_conf_70": 0.8084054388133498,
      "val_samples_conf_70": 809
    },
    "D": {
      "train_accuracy": 0.780281690140845,
      "val_accuracy": 0.6,
      "train_samples": 1065,
      "val_samples": 355,
      "val_acc_conf_55": 0.6018808777429467,
      "val_samples_conf_55": 319,
      "val_acc_conf_60": 0.6113074204946997,
      "val_samples_conf_60": 283,
      "val_acc_conf_65": 0.6612021857923497,
      "val_samples_conf_65": 183,
      "val_acc_conf_70": 0.7945205479452054,
      "val_samples_conf_70": 73
    },
    "stacking": {
      "meta_train_accuracy": 0.7632508833922261,
      "meta_val_accuracy": 0.5352112676056338,
      "train_samples": 566,
      "val_samples": 142,
      "meta_val_acc_conf_55": 0.5533980582524272,
      "meta_val_samples_conf_55": 103,
      "meta_val_acc_conf_60": 0.5538461538461539,
      "meta_val_samples_conf_60": 65,
      "meta_val_acc_conf_65": 0.5609756097560976,
      "meta_val_samples_conf_65": 41,
      "meta_val_acc_conf_70": 0.5,
      "meta_val_samples_conf_70": 26
    }
  },
  "use_stacking": true
}