{
  "timeframe": "4H",
  "selected_features": [
    "ema_8",
    "ema_13",
    "ema_21",
    "ema_55",
    "sma_20",
    "sma_50",
    "supertrend_10",
    "rsi_14",
    "macd",
    "macd_signal",
    "macd_hist",
    "mfi_14",
    "natr_14",
    "bb_upper_20",
    "bb_lower_20",
    "bb_width_20",
    "bb_pctb_20",
    "obv",
    "vwap",
    "force_13",
    "hour_sin",
    "dow_cos",
    "is_asian",
    "week_position",
    "month_sin",
    "month_cos",
    "price_roc3",
    "rsi_14_pctl",
    "price_pctl_20",
    "price_pctl_50",
    "atr_14_pctl",
    "dist_ema_13",
    "dist_ema_21",
    "dist_ema_55",
    "macd_hist_lag6",
    "htf_D_rsi"
  ],
  "selected_indices": [
    10,
    11,
    12,
    13,
    14,
    15,
    16,
    19,
    22,
    23,
    24,
    27,
    29,
    30,
    32,
    33,
    34,
    35,
    36,
    37,
    38,
    41,
    42,
    48,
    49,
    50,
    60,
    67,
    68,
    69,
    70,
    74,
    75,
    76,
    108,
    111
  ],
  "cv_scores": {
    "cv_scores_mean": [
      0.6702928870292887,
      0.6751046025104602,
      0.6832635983263597,
      0.6757322175732218,
      0.6734309623430963,
      0.6769874476987447,
      0.6765690376569037,
      0.6669456066945607,
      0.6686192468619246,
      0.6686192468619246
    ],
    "cv_scores_std": [
      0.02649067612651717,
      0.03502294500829383,
      0.026341562373935312,
      0.03151297111128541,
      0.03668790462669278,
      0.039762164728256826,
      0.031737167048633934,
      0.04270345444189073,
      0.04293241806769491,
      0.04293241806769491
    ],
    "n_features": [
      20,
      31,
      42,
      53,
      64,
      75,
      86,
      97,
      108
    ],
    "optimal_n_features": 36
  },
  "config_hash": "b057e6ce",
  "n_original_features": 113,
  "n_selected_features": 36
}