{
  "timeframe": "D",
  "selected_features": [
    "ema_8",
    "ema_13",
    "ema_21",
    "ema_55",
    "sma_20",
    "sma_50",
    "supertrend_10",
    "supertrend_dir_10",
    "macd",
    "macd_signal",
    "mom_10",
    "mfi_14",
    "atr_14",
    "bb_upper_20",
    "bb_lower_20",
    "bb_width_20",
    "obv",
    "vwap",
    "force_13",
    "rsi_14_pctl",
    "price_pctl_20",
    "price_pctl_50",
    "atr_14_pctl",
    "atr_14_roc6_pctl",
    "dist_ema_21",
    "rsi_7_lag6",
    "macd_hist_lag2",
    "macd_hist_lag3",
    "macd_hist_lag6"
  ],
  "selected_indices": [
    10,
    11,
    12,
    13,
    14,
    15,
    16,
    17,
    22,
    23,
    26,
    27,
    28,
    30,
    32,
    33,
    35,
    36,
    37,
    67,
    68,
    69,
    70,
    72,
    75,
    103,
    106,
    107,
    108
  ],
  "cv_scores": {
    "cv_scores_mean": [
      0.4971751412429379,
      0.511864406779661,
      0.4768361581920903,
      0.4576271186440678,
      0.45423728813559316,
      0.46779661016949153,
      0.46779661016949153,
      0.46779661016949153,
      0.46779661016949153,
      0.46779661016949153
    ],
    "cv_scores_std": [
      0.14741324526373273,
      0.13627886909038434,
      0.11767698406282556,
      0.11099933731292938,
      0.11392834327247432,
      0.1153649628754822,
      0.1153649628754822,
      0.1153649628754822,
      0.1153649628754822,
      0.1153649628754822
    ],
    "n_features": [
      20,
      34,
      48,
      62,
      76,
      90,
      104,
      118,
      132
    ],
    "optimal_n_features": 29
  },
  "config_hash": "b057e6ce",
  "n_original_features": 141,
  "n_selected_features": 29
}