{
  "baseline": {
    "metrics": {
      "mae": 0.0188498053930502,
      "mse": 0.0003613089713554569,
      "rmse": 0.019008129086142512,
      "mape": 1.6027652963232788,
      "direction_accuracy": 0.47555555555555556
    },
    "n_features": 95,
    "final_train_loss": 0.005422300166066955,
    "final_val_loss": 0.0002886860820581205
  },
  "sentiment": {
    "metrics": {
      "mae": 0.05308677084678042,
      "mse": 0.0029132844600405633,
      "rmse": 0.05397485025491561,
      "mape": 4.514817991843886,
      "direction_accuracy": 0.52
    },
    "n_features": 121,
    "n_sentiment_features": 26,
    "final_train_loss": 0.0035989703062702626,
    "final_val_loss": 0.00022707273274136242
  },
  "improvements": {
    "mae": -181.63033909280125,
    "mse": -706.3139005686257,
    "rmse": -183.95666932978096,
    "mape": -181.68927803720328,
    "direction_accuracy": 9.345794392523366
  }
}