{
  "weights": {
    "1H": 0.6,
    "4H": 0.3,
    "D": 0.1
  },
  "agreement_bonus": 0.05,
  "use_regime_adjustment": true,
  "regime_weights": {
    "trending": {
      "1H": 0.5,
      "4H": 0.35,
      "D": 0.15
    },
    "ranging": {
      "1H": 0.7,
      "4H": 0.25,
      "D": 0.05
    },
    "volatile": {
      "1H": 0.6,
      "4H": 0.35,
      "D": 0.05
    }
  },
  "min_confidence": 0.55,
  "min_agreement": 0.5,
  "training_results": {
    "1H": {
      "train_accuracy": 0.8592569410291948,
      "val_accuracy": 0.670690811535882,
      "train_samples": 22367,
      "val_samples": 7455,
      "val_acc_conf_55": 0.6955311581877223,
      "val_samples_conf_55": 6467,
      "val_acc_conf_60": 0.7214428857715431,
      "val_samples_conf_60": 5489,
      "val_acc_conf_65": 0.7472264520339352,
      "val_samples_conf_65": 4597,
      "val_acc_conf_70": 0.7855969331872946,
      "val_samples_conf_70": 3652
    },
    "4H": {
      "train_accuracy": 0.8695879888268156,
      "val_accuracy": 0.6542692509167103,
      "train_samples": 5728,
      "val_samples": 1909,
      "val_acc_conf_55": 0.6795881284070261,
      "val_samples_conf_55": 1651,
      "val_acc_conf_60": 0.7111735769501054,
      "val_samples_conf_60": 1423,
      "val_acc_conf_65": 0.7455166524338173,
      "val_samples_conf_65": 1171,
      "val_acc_conf_70": 0.7894168466522679,
      "val_samples_conf_70": 926
    },
    "D": {
      "train_accuracy": 0.896584440227704,
      "val_accuracy": 0.584045584045584,
      "train_samples": 1054,
      "val_samples": 351,
      "val_acc_conf_55": 0.5909090909090909,
      "val_samples_conf_55": 286,
      "val_acc_conf_60": 0.597457627118644,
      "val_samples_conf_60": 236,
      "val_acc_conf_65": 0.5966850828729282,
      "val_samples_conf_65": 181,
      "val_acc_conf_70": 0.6428571428571429,
      "val_samples_conf_70": 140
    }
  }
}