{
  "weights": {
    "1H": 0.6,
    "4H": 0.3,
    "D": 0.1
  },
  "agreement_bonus": 0.05,
  "use_regime_adjustment": true,
  "regime_weights": {
    "trending": {
      "1H": 0.5,
      "4H": 0.35,
      "D": 0.15
    },
    "ranging": {
      "1H": 0.7,
      "4H": 0.25,
      "D": 0.05
    },
    "volatile": {
      "1H": 0.6,
      "4H": 0.35,
      "D": 0.05
    }
  },
  "min_confidence": 0.55,
  "min_agreement": 0.5,
  "training_results": {
    "1H": {
      "train_accuracy": 0.8642196092457638,
      "val_accuracy": 0.673775989268947,
      "train_samples": 22367,
      "val_samples": 7455,
      "val_acc_conf_55": 0.6968332815895685,
      "val_samples_conf_55": 6442,
      "val_acc_conf_60": 0.7259421880717161,
      "val_samples_conf_60": 5466,
      "val_acc_conf_65": 0.7562708102108768,
      "val_samples_conf_65": 4505,
      "val_acc_conf_70": 0.7884180790960452,
      "val_samples_conf_70": 3540
    },
    "4H": {
      "train_accuracy": 0.8751745810055865,
      "val_accuracy": 0.6647459402828706,
      "train_samples": 5728,
      "val_samples": 1909,
      "val_acc_conf_55": 0.6878436163714111,
      "val_samples_conf_55": 1637,
      "val_acc_conf_60": 0.7199140401146131,
      "val_samples_conf_60": 1396,
      "val_acc_conf_65": 0.7504332755632582,
      "val_samples_conf_65": 1154,
      "val_acc_conf_70": 0.790722761596548,
      "val_samples_conf_70": 927
    },
    "D": {
      "train_accuracy": 0.9146110056925996,
      "val_accuracy": 0.5982905982905983,
      "train_samples": 1054,
      "val_samples": 351,
      "val_acc_conf_55": 0.6176470588235294,
      "val_samples_conf_55": 306,
      "val_acc_conf_60": 0.6387832699619772,
      "val_samples_conf_60": 263,
      "val_acc_conf_65": 0.6447368421052632,
      "val_samples_conf_65": 228,
      "val_acc_conf_70": 0.6593406593406593,
      "val_samples_conf_70": 182
    }
  }
}