{
  "weights": {
    "1H": 0.8,
    "4H": 0.15,
    "D": 0.05
  },
  "agreement_bonus": 0.05,
  "use_regime_adjustment": true,
  "regime_weights": {
    "trending": {
      "1H": 0.5,
      "4H": 0.35,
      "D": 0.15
    },
    "ranging": {
      "1H": 0.7,
      "4H": 0.25,
      "D": 0.05
    },
    "volatile": {
      "1H": 0.6,
      "4H": 0.35,
      "D": 0.05
    }
  },
  "min_confidence": 0.55,
  "min_agreement": 0.5,
  "training_results": {
    "1H": {
      "train_accuracy": 0.8662315017659945,
      "val_accuracy": 0.6615694164989939,
      "train_samples": 22367,
      "val_samples": 7455,
      "val_acc_conf_55": 0.6797346200241254,
      "val_samples_conf_55": 6632,
      "val_acc_conf_60": 0.7044112539076068,
      "val_samples_conf_60": 5758,
      "val_acc_conf_65": 0.7329615861214375,
      "val_samples_conf_65": 4842,
      "val_acc_conf_70": 0.7598692481770178,
      "val_samples_conf_70": 3977
    },
    "4H": {
      "train_accuracy": 0.8812849162011173,
      "val_accuracy": 0.6626506024096386,
      "train_samples": 5728,
      "val_samples": 1909,
      "val_acc_conf_55": 0.6796778190830235,
      "val_samples_conf_55": 1614,
      "val_acc_conf_60": 0.7190265486725663,
      "val_samples_conf_60": 1356,
      "val_acc_conf_65": 0.7427797833935018,
      "val_samples_conf_65": 1108,
      "val_acc_conf_70": 0.7837209302325582,
      "val_samples_conf_70": 860
    },
    "D": {
      "train_accuracy": 0.9079696394686907,
      "val_accuracy": 0.603988603988604,
      "train_samples": 1054,
      "val_samples": 351,
      "val_acc_conf_55": 0.6017699115044248,
      "val_samples_conf_55": 339,
      "val_acc_conf_60": 0.6097560975609756,
      "val_samples_conf_60": 328,
      "val_acc_conf_65": 0.6078431372549019,
      "val_samples_conf_65": 306,
      "val_acc_conf_70": 0.6058394160583942,
      "val_samples_conf_70": 274
    }
  }
}