{
  "weights": {
    "1H": 0.6,
    "4H": 0.3,
    "D": 0.1
  },
  "agreement_bonus": 0.05,
  "use_regime_adjustment": true,
  "regime_weights": {
    "trending": {
      "1H": 0.5,
      "4H": 0.35,
      "D": 0.15
    },
    "ranging": {
      "1H": 0.7,
      "4H": 0.25,
      "D": 0.05
    },
    "volatile": {
      "1H": 0.6,
      "4H": 0.35,
      "D": 0.05
    }
  },
  "min_confidence": 0.55,
  "min_agreement": 0.5,
  "training_results": {
    "1H": {
      "train_accuracy": 0.9278778069997977,
      "val_accuracy": 0.6560097126669364,
      "train_samples": 9886,
      "val_samples": 2471,
      "val_acc_conf_55": 0.6761284318287576,
      "val_samples_conf_55": 2149,
      "val_acc_conf_60": 0.6987750556792873,
      "val_samples_conf_60": 1796,
      "val_acc_conf_65": 0.7242990654205608,
      "val_samples_conf_65": 1498,
      "val_acc_conf_70": 0.7548441449031171,
      "val_samples_conf_70": 1187
    },
    "4H": {
      "train_accuracy": 0.9492140266021766,
      "val_accuracy": 0.65,
      "train_samples": 2481,
      "val_samples": 620,
      "val_acc_conf_55": 0.6539855072463768,
      "val_samples_conf_55": 552,
      "val_acc_conf_60": 0.6713995943204868,
      "val_samples_conf_60": 493,
      "val_acc_conf_65": 0.6734234234234234,
      "val_samples_conf_65": 444,
      "val_acc_conf_70": 0.6950904392764858,
      "val_samples_conf_70": 387
    },
    "D": {
      "train_accuracy": 0.943069306930693,
      "val_accuracy": 0.7623762376237624,
      "train_samples": 404,
      "val_samples": 101,
      "val_acc_conf_55": 0.7692307692307693,
      "val_samples_conf_55": 91,
      "val_acc_conf_60": 0.8045977011494253,
      "val_samples_conf_60": 87,
      "val_acc_conf_65": 0.8170731707317073,
      "val_samples_conf_65": 82,
      "val_acc_conf_70": 0.84,
      "val_samples_conf_70": 75
    }
  }
}