{
  "weights": {
    "1H": 0.6,
    "4H": 0.3,
    "D": 0.1
  },
  "agreement_bonus": 0.05,
  "use_regime_adjustment": true,
  "regime_weights": {
    "trending": {
      "1H": 0.5,
      "4H": 0.35,
      "D": 0.15
    },
    "ranging": {
      "1H": 0.7,
      "4H": 0.25,
      "D": 0.05
    },
    "volatile": {
      "1H": 0.6,
      "4H": 0.35,
      "D": 0.05
    }
  },
  "use_dynamic_weights": false,
  "dynamic_weight_window": 50,
  "dynamic_weight_min": 0.1,
  "dynamic_weight_blend": 0.5,
  "min_confidence": 0.55,
  "min_agreement": 0.5,
  "training_results": {
    "1H": {
      "train_accuracy": 0.8268680729352879,
      "val_accuracy": 0.6718959506570126,
      "train_samples": 22376,
      "val_samples": 7458,
      "val_acc_conf_55": 0.697350069735007,
      "val_samples_conf_55": 6453,
      "val_acc_conf_60": 0.7294031490296594,
      "val_samples_conf_60": 5462,
      "val_acc_conf_65": 0.7566666666666667,
      "val_samples_conf_65": 4500,
      "val_acc_conf_70": 0.7864568699072774,
      "val_samples_conf_70": 3559
    },
    "4H": {
      "train_accuracy": 0.8427103292109389,
      "val_accuracy": 0.6602195504443282,
      "train_samples": 5741,
      "val_samples": 1913,
      "val_acc_conf_55": 0.685086155674391,
      "val_samples_conf_55": 1683,
      "val_acc_conf_60": 0.7059639389736477,
      "val_samples_conf_60": 1442,
      "val_acc_conf_65": 0.7451802179379715,
      "val_samples_conf_65": 1193,
      "val_acc_conf_70": 0.7883211678832117,
      "val_samples_conf_70": 959
    },
    "D": {
      "train_accuracy": 0.9708372530573848,
      "val_accuracy": 0.5875706214689266,
      "train_samples": 1063,
      "val_samples": 354,
      "val_acc_conf_55": 0.5981012658227848,
      "val_samples_conf_55": 316,
      "val_acc_conf_60": 0.610909090909091,
      "val_samples_conf_60": 275,
      "val_acc_conf_65": 0.6186440677966102,
      "val_samples_conf_65": 236,
      "val_acc_conf_70": 0.6274509803921569,
      "val_samples_conf_70": 204
    },
    "stacking": {
      "meta_train_accuracy": 0.7420494699646644,
      "meta_val_accuracy": 0.5985915492957746,
      "train_samples": 566,
      "val_samples": 142,
      "meta_val_acc_conf_55": 0.6521739130434783,
      "meta_val_samples_conf_55": 115,
      "meta_val_acc_conf_60": 0.686046511627907,
      "meta_val_samples_conf_60": 86,
      "meta_val_acc_conf_65": 0.7068965517241379,
      "meta_val_samples_conf_65": 58,
      "meta_val_acc_conf_70": 0.7272727272727273,
      "meta_val_samples_conf_70": 33
    }
  },
  "use_stacking": true
}