{
  "weights": {
    "1H": 0.6,
    "4H": 0.3,
    "D": 0.1
  },
  "agreement_bonus": 0.05,
  "use_regime_adjustment": true,
  "regime_weights": {
    "trending": {
      "1H": 0.5,
      "4H": 0.35,
      "D": 0.15
    },
    "ranging": {
      "1H": 0.7,
      "4H": 0.25,
      "D": 0.05
    },
    "volatile": {
      "1H": 0.6,
      "4H": 0.35,
      "D": 0.05
    }
  },
  "use_dynamic_weights": false,
  "dynamic_weight_window": 50,
  "dynamic_weight_min": 0.1,
  "dynamic_weight_blend": 0.5,
  "min_confidence": 0.55,
  "min_agreement": 0.5,
  "training_results": {
    "1H": {
      "train_accuracy": 0.8325402450136681,
      "val_accuracy": 0.6476306196840826,
      "train_samples": 9877,
      "val_samples": 2469,
      "val_acc_conf_55": 0.675442795595979,
      "val_samples_conf_55": 2089,
      "val_acc_conf_60": 0.7114716106604867,
      "val_samples_conf_60": 1726,
      "val_acc_conf_65": 0.7617625093353249,
      "val_samples_conf_65": 1339,
      "val_acc_conf_70": 0.7913043478260869,
      "val_samples_conf_70": 1035
    },
    "4H": {
      "train_accuracy": 0.8498789346246973,
      "val_accuracy": 0.6365105008077544,
      "train_samples": 2478,
      "val_samples": 619,
      "val_acc_conf_55": 0.6610486891385767,
      "val_samples_conf_55": 534,
      "val_acc_conf_60": 0.6883408071748879,
      "val_samples_conf_60": 446,
      "val_acc_conf_65": 0.736,
      "val_samples_conf_65": 375,
      "val_acc_conf_70": 0.7797202797202797,
      "val_samples_conf_70": 286
    },
    "D": {
      "train_accuracy": 0.8957816377171216,
      "val_accuracy": 0.52,
      "train_samples": 403,
      "val_samples": 100,
      "val_acc_conf_55": 0.5064935064935064,
      "val_samples_conf_55": 77,
      "val_acc_conf_60": 0.5370370370370371,
      "val_samples_conf_60": 54,
      "val_acc_conf_65": 0.6470588235294118,
      "val_samples_conf_65": 34,
      "val_acc_conf_70": 0.7407407407407407,
      "val_samples_conf_70": 27
    },
    "stacking": {
      "meta_train_accuracy": 0.7748344370860927,
      "meta_val_accuracy": 0.4342105263157895,
      "train_samples": 302,
      "val_samples": 76,
      "meta_val_acc_conf_55": 0.4,
      "meta_val_samples_conf_55": 55,
      "meta_val_acc_conf_60": 0.37777777777777777,
      "meta_val_samples_conf_60": 45,
      "meta_val_acc_conf_65": 0.4482758620689655,
      "meta_val_samples_conf_65": 29,
      "meta_val_acc_conf_70": 0.42105263157894735,
      "meta_val_samples_conf_70": 19
    }
  },
  "use_stacking": true
}