{
  "weights": {
    "1H": 0.8,
    "4H": 0.15,
    "D": 0.05
  },
  "agreement_bonus": 0.05,
  "use_regime_adjustment": true,
  "regime_weights": {
    "trending": {
      "1H": 0.5,
      "4H": 0.35,
      "D": 0.15
    },
    "ranging": {
      "1H": 0.7,
      "4H": 0.25,
      "D": 0.05
    },
    "volatile": {
      "1H": 0.6,
      "4H": 0.35,
      "D": 0.05
    }
  },
  "min_confidence": 0.55,
  "min_agreement": 0.5,
  "training_results": {
    "1H": {
      "train_accuracy": 0.8744579067376045,
      "val_accuracy": 0.6709590878604963,
      "train_samples": 22367,
      "val_samples": 7455,
      "val_acc_conf_55": 0.6905940594059405,
      "val_samples_conf_55": 6464,
      "val_acc_conf_60": 0.7172363370498994,
      "val_samples_conf_60": 5471,
      "val_acc_conf_65": 0.7488879003558719,
      "val_samples_conf_65": 4496,
      "val_acc_conf_70": 0.7844062153163152,
      "val_samples_conf_70": 3604
    },
    "4H": {
      "train_accuracy": 0.8926326815642458,
      "val_accuracy": 0.6479832372970141,
      "train_samples": 5728,
      "val_samples": 1909,
      "val_acc_conf_55": 0.6676942046855734,
      "val_samples_conf_55": 1622,
      "val_acc_conf_60": 0.6996282527881041,
      "val_samples_conf_60": 1345,
      "val_acc_conf_65": 0.7358318098720292,
      "val_samples_conf_65": 1094,
      "val_acc_conf_70": 0.7600472813238771,
      "val_samples_conf_70": 846
    },
    "D": {
      "train_accuracy": 0.9098671726755219,
      "val_accuracy": 0.6011396011396012,
      "train_samples": 1054,
      "val_samples": 351,
      "val_acc_conf_55": 0.6130030959752322,
      "val_samples_conf_55": 323,
      "val_acc_conf_60": 0.6105610561056105,
      "val_samples_conf_60": 303,
      "val_acc_conf_65": 0.610909090909091,
      "val_samples_conf_65": 275,
      "val_acc_conf_70": 0.6311111111111111,
      "val_samples_conf_70": 225
    }
  }
}