{
  "weights": {
    "1H": 0.8,
    "4H": 0.15,
    "D": 0.05
  },
  "agreement_bonus": 0.05,
  "use_regime_adjustment": true,
  "regime_weights": {
    "trending": {
      "1H": 0.5,
      "4H": 0.35,
      "D": 0.15
    },
    "ranging": {
      "1H": 0.7,
      "4H": 0.25,
      "D": 0.05
    },
    "volatile": {
      "1H": 0.6,
      "4H": 0.35,
      "D": 0.05
    }
  },
  "min_confidence": 0.55,
  "min_agreement": 0.5,
  "training_results": {
    "1H": {
      "train_accuracy": 0.8710153350918765,
      "val_accuracy": 0.6701542588866533,
      "train_samples": 22367,
      "val_samples": 7455,
      "val_acc_conf_55": 0.691834537905582,
      "val_samples_conf_55": 6503,
      "val_acc_conf_60": 0.72200983069361,
      "val_samples_conf_60": 5493,
      "val_acc_conf_65": 0.7524752475247525,
      "val_samples_conf_65": 4545,
      "val_acc_conf_70": 0.7903448275862069,
      "val_samples_conf_70": 3625
    },
    "4H": {
      "train_accuracy": 0.8868715083798883,
      "val_accuracy": 0.6495547407019382,
      "train_samples": 5728,
      "val_samples": 1909,
      "val_acc_conf_55": 0.6785930867192238,
      "val_samples_conf_55": 1649,
      "val_acc_conf_60": 0.7015669515669516,
      "val_samples_conf_60": 1404,
      "val_acc_conf_65": 0.726555652936021,
      "val_samples_conf_65": 1141,
      "val_acc_conf_70": 0.7540453074433657,
      "val_samples_conf_70": 927
    },
    "D": {
      "train_accuracy": 0.9155597722960152,
      "val_accuracy": 0.6153846153846154,
      "train_samples": 1054,
      "val_samples": 351,
      "val_acc_conf_55": 0.625748502994012,
      "val_samples_conf_55": 334,
      "val_acc_conf_60": 0.6421404682274248,
      "val_samples_conf_60": 299,
      "val_acc_conf_65": 0.6420664206642066,
      "val_samples_conf_65": 271,
      "val_acc_conf_70": 0.6536796536796536,
      "val_samples_conf_70": 231
    }
  }
}