{
  "weights": {
    "1H": 0.6,
    "4H": 0.3,
    "D": 0.1
  },
  "agreement_bonus": 0.05,
  "use_regime_adjustment": true,
  "regime_weights": {
    "trending": {
      "1H": 0.5,
      "4H": 0.35,
      "D": 0.15
    },
    "ranging": {
      "1H": 0.7,
      "4H": 0.25,
      "D": 0.05
    },
    "volatile": {
      "1H": 0.6,
      "4H": 0.35,
      "D": 0.05
    }
  },
  "use_dynamic_weights": false,
  "dynamic_weight_window": 50,
  "dynamic_weight_min": 0.1,
  "dynamic_weight_blend": 0.5,
  "min_confidence": 0.55,
  "min_agreement": 0.5,
  "training_results": {
    "1H": {
      "train_accuracy": 0.865764546684709,
      "val_accuracy": 0.6832701678397402,
      "train_samples": 7390,
      "val_samples": 1847,
      "val_acc_conf_55": 0.7094682230869002,
      "val_samples_conf_55": 1542,
      "val_acc_conf_60": 0.7362728785357737,
      "val_samples_conf_60": 1202,
      "val_acc_conf_65": 0.7667804323094426,
      "val_samples_conf_65": 879,
      "val_acc_conf_70": 0.8013029315960912,
      "val_samples_conf_70": 614
    },
    "4H": {
      "train_accuracy": 0.9188453159041394,
      "val_accuracy": 0.7124183006535948,
      "train_samples": 1836,
      "val_samples": 459,
      "val_acc_conf_55": 0.7299465240641712,
      "val_samples_conf_55": 374,
      "val_acc_conf_60": 0.7445255474452555,
      "val_samples_conf_60": 274,
      "val_acc_conf_65": 0.7922705314009661,
      "val_samples_conf_65": 207,
      "val_acc_conf_70": 0.831081081081081,
      "val_samples_conf_70": 148
    },
    "D": {
      "train_accuracy": 0.9464285714285714,
      "val_accuracy": 0.5142857142857142,
      "train_samples": 280,
      "val_samples": 70,
      "val_acc_conf_55": 0.53125,
      "val_samples_conf_55": 64,
      "val_acc_conf_60": 0.55,
      "val_samples_conf_60": 60,
      "val_acc_conf_65": 0.5535714285714286,
      "val_samples_conf_65": 56,
      "val_acc_conf_70": 0.5576923076923077,
      "val_samples_conf_70": 52
    },
    "stacking": {
      "meta_train_accuracy": 0.7841726618705036,
      "meta_val_accuracy": 0.5142857142857142,
      "train_samples": 139,
      "val_samples": 35,
      "meta_val_acc_conf_55": 0.5142857142857142,
      "meta_val_samples_conf_55": 35,
      "meta_val_acc_conf_60": 0.5142857142857142,
      "meta_val_samples_conf_60": 35,
      "meta_val_acc_conf_65": 0.5161290322580645,
      "meta_val_samples_conf_65": 31,
      "meta_val_acc_conf_70": 0.5333333333333333,
      "meta_val_samples_conf_70": 30
    }
  },
  "use_stacking": true
}