{
  "weights": {
    "1H": 0.6,
    "4H": 0.3,
    "D": 0.1
  },
  "agreement_bonus": 0.05,
  "use_regime_adjustment": true,
  "regime_weights": {
    "trending": {
      "1H": 0.5,
      "4H": 0.35,
      "D": 0.15
    },
    "ranging": {
      "1H": 0.7,
      "4H": 0.25,
      "D": 0.05
    },
    "volatile": {
      "1H": 0.6,
      "4H": 0.35,
      "D": 0.05
    }
  },
  "min_confidence": 0.55,
  "min_agreement": 0.5,
  "training_results": {
    "1H": {
      "train_accuracy": 0.9164308811641068,
      "val_accuracy": 0.6616814874696847,
      "train_samples": 9896,
      "val_samples": 2474,
      "val_acc_conf_55": 0.680219278209228,
      "val_samples_conf_55": 2189,
      "val_acc_conf_60": 0.7000529941706413,
      "val_samples_conf_60": 1887,
      "val_acc_conf_65": 0.7163724893487523,
      "val_samples_conf_65": 1643,
      "val_acc_conf_70": 0.7384615384615385,
      "val_samples_conf_70": 1365
    },
    "4H": {
      "train_accuracy": 0.932339911397503,
      "val_accuracy": 0.6370967741935484,
      "train_samples": 2483,
      "val_samples": 620,
      "val_acc_conf_55": 0.6572504708097928,
      "val_samples_conf_55": 531,
      "val_acc_conf_60": 0.683982683982684,
      "val_samples_conf_60": 462,
      "val_acc_conf_65": 0.7230769230769231,
      "val_samples_conf_65": 390,
      "val_acc_conf_70": 0.7430340557275542,
      "val_samples_conf_70": 323
    },
    "D": {
      "train_accuracy": 0.9405940594059405,
      "val_accuracy": 0.5445544554455446,
      "train_samples": 404,
      "val_samples": 101,
      "val_acc_conf_55": 0.5494505494505495,
      "val_samples_conf_55": 91,
      "val_acc_conf_60": 0.5211267605633803,
      "val_samples_conf_60": 71,
      "val_acc_conf_65": 0.5102040816326531,
      "val_samples_conf_65": 49,
      "val_acc_conf_70": 0.43478260869565216,
      "val_samples_conf_70": 23
    }
  }
}