month,trades_count,wins,losses,win_rate,total_pips,monthly_pnl_eur,cumulative_balance_eur,return_pct,drawdown_pct,avg_threshold_used,best_trade_pips,worst_trade_pips
2020-01,35,28,7,80.0,318.7000000000029,32.33599414308348,1032.3359941430836,3.2335994143083475,0.0,0.6741259104183742,23.500000000000743,-16.499999999999293
2020-02,47,41,6,87.2340425531915,643.9000000000241,68.56504334288073,1100.9010374859643,6.641737160370434,0.0,0.75,23.500000000000743,-16.499999999999293
2020-03,105,78,27,74.28571428571429,1374.9500000000746,161.95303013582776,1262.854067621792,14.710952630734763,0.0,0.7493240960423909,23.500000000000743,-16.499999999999293
2020-04,15,8,7,53.333333333333336,72.50000000001091,9.148772546737531,1272.0028401685295,0.7244520789299518,0.0,0.75,23.500000000000743,-16.499999999999293
