{
  "timestamp": "2026-01-26T08:30:07.338111",
  "config": {
    "train_months": 24,
    "test_months": 6,
    "step_months": 6,
    "min_confidence": 0.7,
    "sentiment": true,
    "stacking": true,
    "stacking_blend": 0.0,
    "initial_balance": 10000.0,
    "risk_per_trade": 0.02,
    "use_calibration": false
  },
  "windows": [
    {
      "window_id": 1,
      "train_period": "2020-01 to 2021-12",
      "test_period": "2022-01 to 2022-06",
      "total_trades": 71,
      "win_rate": 60.56338028169014,
      "total_pips": 557.4999999998976,
      "profit_factor": 2.3220298790605667,
      "model_accuracies": {
        "1H": 0.6612772837510105,
        "4H": 0.6709677419354839,
        "D": 0.5445544554455446
      },
      "initial_balance": 10000.0,
      "final_balance": 12524.664509433072,
      "total_return_pct": 25.246645094330724,
      "max_drawdown_pct": 15.005981135643559,
      "total_pnl_usd": 4723.323053380371,
      "by_threshold": {
        "0.55": {
          "total_trades": 71,
          "winning_trades": 43,
          "losing_trades": 28,
          "win_rate": 60.56338028169014,
          "total_pips": 557.4999999998976,
          "avg_pips": 7.852112676054896,
          "profit_factor": 2.3220298790605667
        },
        "0.60": {
          "total_trades": 71,
          "winning_trades": 43,
          "losing_trades": 28,
          "win_rate": 60.56338028169014,
          "total_pips": 557.4999999998976,
          "avg_pips": 7.852112676054896,
          "profit_factor": 2.3220298790605667
        },
        "0.65": {
          "total_trades": 71,
          "winning_trades": 43,
          "losing_trades": 28,
          "win_rate": 60.56338028169014,
          "total_pips": 557.4999999998976,
          "avg_pips": 7.852112676054896,
          "profit_factor": 2.3220298790605667
        },
        "0.70": {
          "total_trades": 71,
          "winning_trades": 43,
          "losing_trades": 28,
          "win_rate": 60.56338028169014,
          "total_pips": 557.4999999998976,
          "avg_pips": 7.852112676054896,
          "profit_factor": 2.3220298790605667
        },
        "0.75": {
          "total_trades": 59,
          "winning_trades": 38,
          "losing_trades": 21,
          "win_rate": 64.40677966101694,
          "total_pips": 561.2499999999131,
          "avg_pips": 9.512711864405308,
          "profit_factor": 2.764659644709488
        }
      }
    },
    {
      "window_id": 2,
      "train_period": "2020-07 to 2022-06",
      "test_period": "2022-07 to 2022-12",
      "total_trades": 163,
      "win_rate": 56.44171779141104,
      "total_pips": 1088.3499999997837,
      "profit_factor": 1.9967944314692487,
      "model_accuracies": {
        "1H": 0.6298096395301742,
        "4H": 0.5702746365105008,
        "D": 0.32673267326732675
      },
      "initial_balance": 10000.0,
      "final_balance": 22356.46124030541,
      "total_return_pct": 123.5646124030541,
      "max_drawdown_pct": 15.043565219026767,
      "total_pnl_usd": 19058.739926282287,
      "by_threshold": {
        "0.55": {
          "total_trades": 163,
          "winning_trades": 92,
          "losing_trades": 71,
          "win_rate": 56.44171779141104,
          "total_pips": 1088.3499999997837,
          "avg_pips": 6.676993865029348,
          "profit_factor": 1.9967944314692487
        },
        "0.60": {
          "total_trades": 163,
          "winning_trades": 92,
          "losing_trades": 71,
          "win_rate": 56.44171779141104,
          "total_pips": 1088.3499999997837,
          "avg_pips": 6.676993865029348,
          "profit_factor": 1.9967944314692487
        },
        "0.65": {
          "total_trades": 163,
          "winning_trades": 92,
          "losing_trades": 71,
          "win_rate": 56.44171779141104,
          "total_pips": 1088.3499999997837,
          "avg_pips": 6.676993865029348,
          "profit_factor": 1.9967944314692487
        },
        "0.70": {
          "total_trades": 163,
          "winning_trades": 92,
          "losing_trades": 71,
          "win_rate": 56.44171779141104,
          "total_pips": 1088.3499999997837,
          "avg_pips": 6.676993865029348,
          "profit_factor": 1.9967944314692487
        },
        "0.75": {
          "total_trades": 143,
          "winning_trades": 82,
          "losing_trades": 61,
          "win_rate": 57.34265734265735,
          "total_pips": 998.3499999998114,
          "avg_pips": 6.981468531467213,
          "profit_factor": 2.06564551422291
        }
      }
    },
    {
      "window_id": 3,
      "train_period": "2021-01 to 2022-12",
      "test_period": "2023-01 to 2023-06",
      "total_trades": 181,
      "win_rate": 53.591160220994475,
      "total_pips": 935.3499999997283,
      "profit_factor": 1.7395825096858029,
      "model_accuracies": {
        "1H": 0.6711165048543689,
        "4H": 0.6951612903225807,
        "D": 0.58
      },
      "initial_balance": 10000.0,
      "final_balance": 15599.394171846294,
      "total_return_pct": 55.993941718462935,
      "max_drawdown_pct": 15.010303366407543,
      "total_pnl_usd": 10665.802054513792,
      "by_threshold": {
        "0.55": {
          "total_trades": 181,
          "winning_trades": 97,
          "losing_trades": 84,
          "win_rate": 53.591160220994475,
          "total_pips": 935.3499999997283,
          "avg_pips": 5.1676795580095485,
          "profit_factor": 1.7395825096858029
        },
        "0.60": {
          "total_trades": 181,
          "winning_trades": 97,
          "losing_trades": 84,
          "win_rate": 53.591160220994475,
          "total_pips": 935.3499999997283,
          "avg_pips": 5.1676795580095485,
          "profit_factor": 1.7395825096858029
        },
        "0.65": {
          "total_trades": 181,
          "winning_trades": 97,
          "losing_trades": 84,
          "win_rate": 53.591160220994475,
          "total_pips": 935.3499999997283,
          "avg_pips": 5.1676795580095485,
          "profit_factor": 1.7395825096858029
        },
        "0.70": {
          "total_trades": 181,
          "winning_trades": 97,
          "losing_trades": 84,
          "win_rate": 53.591160220994475,
          "total_pips": 935.3499999997283,
          "avg_pips": 5.1676795580095485,
          "profit_factor": 1.7395825096858029
        },
        "0.75": {
          "total_trades": 162,
          "winning_trades": 88,
          "losing_trades": 74,
          "win_rate": 54.32098765432099,
          "total_pips": 874.5499999997519,
          "avg_pips": 5.398456790121926,
          "profit_factor": 1.7809179391014054
        }
      }
    },
    {
      "window_id": 4,
      "train_period": "2021-07 to 2023-06",
      "test_period": "2023-07 to 2023-12",
      "total_trades": 30,
      "win_rate": 60.0,
      "total_pips": 166.3999999999621,
      "profit_factor": 1.8946236559136813,
      "model_accuracies": {
        "1H": 0.6762212353653613,
        "4H": 0.7133655394524959,
        "D": 0.6336633663366337
      },
      "initial_balance": 10000.0,
      "final_balance": 10251.5239241533,
      "total_return_pct": 2.5152392415329996,
      "max_drawdown_pct": 15.02774206744647,
      "total_pnl_usd": 2274.255059815143,
      "by_threshold": {
        "0.55": {
          "total_trades": 30,
          "winning_trades": 18,
          "losing_trades": 12,
          "win_rate": 60.0,
          "total_pips": 166.3999999999621,
          "avg_pips": 5.546666666665403,
          "profit_factor": 1.8946236559136813
        },
        "0.60": {
          "total_trades": 30,
          "winning_trades": 18,
          "losing_trades": 12,
          "win_rate": 60.0,
          "total_pips": 166.3999999999621,
          "avg_pips": 5.546666666665403,
          "profit_factor": 1.8946236559136813
        },
        "0.65": {
          "total_trades": 30,
          "winning_trades": 18,
          "losing_trades": 12,
          "win_rate": 60.0,