{
  "timestamp": "2026-01-23T09:32:34.386401",
  "config": {
    "train_months": 24,
    "test_months": 6,
    "step_months": 6,
    "min_confidence": 0.55,
    "sentiment": true,
    "stacking": true,
    "stacking_blend": 0.0,
    "initial_balance": 10000.0,
    "risk_per_trade": 0.02,
    "use_calibration": false
  },
  "windows": [
    {
      "window_id": 1,
      "train_period": "2020-01 to 2021-12",
      "test_period": "2022-01 to 2022-06",
      "total_trades": 539,
      "win_rate": 53.432282003710576,
      "total_pips": 2905.1999999992063,
      "profit_factor": 1.7706714062124078,
      "model_accuracies": {
        "1H": 0.6612772837510105,
        "4H": 0.6709677419354839,
        "D": 0.5445544554455446
      },
      "initial_balance": 10000.0,
      "final_balance": 115576.64028818652,
      "total_return_pct": 1055.7664028818651,
      "max_drawdown_pct": 12.141302704425327,
      "total_pnl_usd": 105576.64028818652,
      "by_threshold": {
        "0.55": {
          "total_trades": 539,
          "winning_trades": 288,
          "losing_trades": 251,
          "win_rate": 53.432282003710576,
          "total_pips": 2905.1999999992063,
          "avg_pips": 5.389981447122832,
          "profit_factor": 1.7706714062124078
        },
        "0.60": {
          "total_trades": 482,
          "winning_trades": 271,
          "losing_trades": 211,
          "win_rate": 56.22406639004149,
          "total_pips": 3133.049999999293,
          "avg_pips": 6.500103734438367,
          "profit_factor": 1.992728136881806
        },
        "0.65": {
          "total_trades": 423,
          "winning_trades": 239,
          "losing_trades": 184,
          "win_rate": 56.50118203309693,
          "total_pips": 2833.6499999993794,
          "avg_pips": 6.698936170211299,
          "profit_factor": 2.0275038073823697
        },
        "0.70": {
          "total_trades": 366,
          "winning_trades": 211,
          "losing_trades": 155,
          "win_rate": 57.650273224043715,
          "total_pips": 2633.8999999994494,
          "avg_pips": 7.1964480874301895,
          "profit_factor": 2.1203317737129663
        },
        "0.75": {
          "total_trades": 310,
          "winning_trades": 190,
          "losing_trades": 120,
          "win_rate": 61.29032258064516,
          "total_pips": 2623.199999999533,
          "avg_pips": 8.46193548386946,
          "profit_factor": 2.4200952793413095
        }
      }
    },
    {
      "window_id": 2,
      "train_period": "2020-07 to 2022-06",
      "test_period": "2022-07 to 2022-12",
      "total_trades": 640,
      "win_rate": 53.43750000000001,
      "total_pips": 3506.699999999432,
      "profit_factor": 1.7641534103288907,
      "model_accuracies": {
        "1H": 0.6298096395301742,
        "4H": 0.5702746365105008,
        "D": 0.32673267326732675
      },
      "initial_balance": 10000.0,
      "final_balance": 137455.15374715585,
      "total_return_pct": 1274.5515374715585,
      "max_drawdown_pct": 15.04847259941155,
      "total_pnl_usd": 127455.15374715626,
      "by_threshold": {
        "0.55": {
          "total_trades": 640,
          "winning_trades": 342,
          "losing_trades": 298,
          "win_rate": 53.43750000000001,
          "total_pips": 3506.699999999432,
          "avg_pips": 5.479218749999112,
          "profit_factor": 1.7641534103288907
        },
        "0.60": {
          "total_trades": 576,
          "winning_trades": 315,
          "losing_trades": 261,
          "win_rate": 54.6875,
          "total_pips": 3458.599999999482,
          "avg_pips": 6.004513888887989,
          "profit_factor": 1.861312414394054
        },
        "0.65": {
          "total_trades": 511,
          "winning_trades": 285,
          "losing_trades": 226,
          "win_rate": 55.77299412915851,
          "total_pips": 3318.649999999522,
          "avg_pips": 6.494422700586149,
          "profit_factor": 1.9555571551970512
        },
        "0.70": {
          "total_trades": 442,
          "winning_trades": 250,
          "losing_trades": 192,
          "win_rate": 56.56108597285068,
          "total_pips": 3010.8999999995895,
          "avg_pips": 6.811990950225315,
          "profit_factor": 2.022029871011353
        },
        "0.75": {
          "total_trades": 377,
          "winning_trades": 209,
          "losing_trades": 168,
          "win_rate": 55.437665782493376,
          "total_pips": 2397.1499999996568,
          "avg_pips": 6.358488063659567,
          "profit_factor": 1.9312937062935291
        }
      }
    },
    {
      "window_id": 3,
      "train_period": "2021-01 to 2022-12",
      "test_period": "2023-01 to 2023-06",
      "total_trades": 488,
      "win_rate": 47.13114754098361,
      "total_pips": 1162.699999999337,
      "profit_factor": 1.305937454774889,
      "model_accuracies": {
        "1H": 0.6711165048543689,
        "4H": 0.6951612903225807,
        "D": 0.58
      },
      "initial_balance": 10000.0,
      "final_balance": 31835.702322281068,
      "total_return_pct": 218.3570232228107,
      "max_drawdown_pct": 16.98851200030991,
      "total_pnl_usd": 21835.702322281035,
      "by_threshold": {
        "0.55": {
          "total_trades": 488,
          "winning_trades": 230,
          "losing_trades": 258,
          "win_rate": 47.13114754098361,
          "total_pips": 1162.699999999337,
          "avg_pips": 2.382581967211756,
          "profit_factor": 1.305937454774889
        },
        "0.60": {
          "total_trades": 453,
          "winning_trades": 218,
          "losing_trades": 235,
          "win_rate": 48.12362030905077,
          "total_pips": 1241.5499999993872,
          "avg_pips": 2.7407284768198394,
          "profit_factor": 1.3593019722465292
        },
        "0.65": {
          "total_trades": 431,
          "winning_trades": 207,
          "losing_trades": 224,
          "win_rate": 48.027842227378194,
          "total_pips": 1174.399999999418,
          "avg_pips": 2.724825986077536,
          "profit_factor": 1.357509246715873
        },
        "0.70": {
          "total_trades": 407,
          "winning_trades": 198,
          "losing_trades": 209,
          "win_rate": 48.64864864864865,
          "total_pips": 1193.8499999994456,
          "avg_pips": 2.933292383291021,
          "profit_factor": 1.3889649105657094
        },
        "0.75": {
          "total_trades": 377,
          "winning_trades": 188,
          "losing_trades": 189,
          "win_rate": 49.86737400530504,
          "total_pips": 1258.9999999994927,
          "avg_pips": 3.3395225464177525,
          "profit_factor": 1.4549232158985999
        }
      }
    },
    {
      "window_id": 4,
      "train_period": "2021-07 to 2023-06",
      "test_period": "2023-07 to 2023-12",
      "total_trades": 435,
      "win_rate": 47.12643678160919,
      "total_pips": 1144.2999999994274,
      "profit_factor": 1.3514812710209385,
      "model_accuracies": {
        "1H": 0.6762212353653613,
        "4H": 0.7133655394524959,
        "D": 0.6336633663366337
      },
      "initial_balance": 10000.0,
      "final_balance": 36590.54482024951,
      "total_return_pct": 265.9054482024951,
      "max_drawdown_pct": 21.13462925282294,
      "total_pnl_usd": 26590.544820249488,
      "by_threshold": {
        "0.55": {
          "total_trades": 435,
          "winning_trades": 205,
          "losing_trades": 230,
          "win_rate": 47.12643678160919,
          "total_pips": 1144.2999999994274,
          "avg_pips": 2.6305747126423618,
          "profit_factor": 1.3514812710209385
        },
        "0.60": {
          "total_trades": 404,
          "winning_trades": 194,
          "losing_trades": 210,
          "win_rate": 48.01980198019802,
          "total_pips": 1158.7999999994713,
          "avg_pips": 2.8683168316818595,
          "profit_factor": 1.3870989293645872
        },
        "0.65": {
          "total_trades": 375,