{
  "timestamp": "2026-01-25T12:06:22.258941",
  "config": {
    "train_months": 24,
    "test_months": 6,
    "step_months": 6,
    "min_confidence": 0.7,
    "sentiment": true,
    "stacking": true,
    "stacking_blend": 0.0,
    "initial_balance": 10000.0,
    "risk_per_trade": 0.02,
    "use_calibration": false
  },
  "windows": [
    {
      "window_id": 1,
      "train_period": "2020-01 to 2021-12",
      "test_period": "2022-01 to 2022-06",
      "total_trades": 446,
      "win_rate": 58.29596412556054,
      "total_pips": 3247.599999999333,
      "profit_factor": 2.159174058143952,
      "model_accuracies": {
        "1H": 0.6612772837510105,
        "4H": 0.6709677419354839,
        "D": 0.5445544554455446
      },
      "initial_balance": 10000.0,
      "final_balance": 133556.17527638783,
      "total_return_pct": 1235.5617527638783,
      "max_drawdown_pct": 10.552599721526446,
      "total_pnl_usd": 123556.17527638776,
      "by_threshold": {
        "0.55": {
          "total_trades": 446,
          "winning_trades": 260,
          "losing_trades": 186,
          "win_rate": 58.29596412556054,
          "total_pips": 3247.599999999333,
          "avg_pips": 7.281614349774289,
          "profit_factor": 2.159174058143952
        },
        "0.60": {
          "total_trades": 446,
          "winning_trades": 260,
          "losing_trades": 186,
          "win_rate": 58.29596412556054,
          "total_pips": 3247.599999999333,
          "avg_pips": 7.281614349774289,
          "profit_factor": 2.159174058143952
        },
        "0.65": {
          "total_trades": 446,
          "winning_trades": 260,
          "losing_trades": 186,
          "win_rate": 58.29596412556054,
          "total_pips": 3247.599999999333,
          "avg_pips": 7.281614349774289,
          "profit_factor": 2.159174058143952
        },
        "0.70": {
          "total_trades": 446,
          "winning_trades": 260,
          "losing_trades": 186,
          "win_rate": 58.29596412556054,
          "total_pips": 3247.599999999333,
          "avg_pips": 7.281614349774289,
          "profit_factor": 2.159174058143952
        },
        "0.75": {
          "total_trades": 353,
          "winning_trades": 218,
          "losing_trades": 135,
          "win_rate": 61.756373937677054,
          "total_pips": 3078.8499999994647,
          "avg_pips": 8.721954674219447,
          "profit_factor": 2.491365739058418
        }
      }
    },
    {
      "window_id": 2,
      "train_period": "2020-07 to 2022-06",
      "test_period": "2022-07 to 2022-12",
      "total_trades": 521,
      "win_rate": 56.23800383877159,
      "total_pips": 3476.2999999995277,
      "profit_factor": 1.9920947488582696,
      "model_accuracies": {
        "1H": 0.6298096395301742,
        "4H": 0.5702746365105008,
        "D": 0.32673267326732675
      },
      "initial_balance": 10000.0,
      "final_balance": 122211.36195673319,
      "total_return_pct": 1122.1136195673319,
      "max_drawdown_pct": 11.631726706872216,
      "total_pnl_usd": 112211.36195673299,
      "by_threshold": {
        "0.55": {
          "total_trades": 521,
          "winning_trades": 293,
          "losing_trades": 228,
          "win_rate": 56.23800383877159,
          "total_pips": 3476.2999999995277,
          "avg_pips": 6.672360844528844,
          "profit_factor": 1.9920947488582696
        },
        "0.60": {
          "total_trades": 521,
          "winning_trades": 293,
          "losing_trades": 228,
          "win_rate": 56.23800383877159,
          "total_pips": 3476.2999999995277,
          "avg_pips": 6.672360844528844,
          "profit_factor": 1.9920947488582696
        },
        "0.65": {
          "total_trades": 521,
          "winning_trades": 293,
          "losing_trades": 228,
          "win_rate": 56.23800383877159,
          "total_pips": 3476.2999999995277,
          "avg_pips": 6.672360844528844,
          "profit_factor": 1.9920947488582696
        },
        "0.70": {
          "total_trades": 521,
          "winning_trades": 293,
          "losing_trades": 228,
          "win_rate": 56.23800383877159,
          "total_pips": 3476.2999999995277,
          "avg_pips": 6.672360844528844,
          "profit_factor": 1.9920947488582696
        },
        "0.75": {
          "total_trades": 424,
          "winning_trades": 238,
          "losing_trades": 186,
          "win_rate": 56.132075471698116,
          "total_pips": 2830.599999999613,
          "avg_pips": 6.675943396225502,
          "profit_factor": 1.992148615492284
        }
      }
    },
    {
      "window_id": 3,
      "train_period": "2021-01 to 2022-12",
      "test_period": "2023-01 to 2023-06",
      "total_trades": 447,
      "win_rate": 47.651006711409394,
      "total_pips": 1177.6499999993907,
      "profit_factor": 1.3447856891905603,
      "model_accuracies": {
        "1H": 0.6711165048543689,
        "4H": 0.6951612903225807,
        "D": 0.58
      },
      "initial_balance": 10000.0,
      "final_balance": 21458.50241234978,
      "total_return_pct": 114.58502412349777,
      "max_drawdown_pct": 12.125428118143452,
      "total_pnl_usd": 11458.502412349797,
      "by_threshold": {
        "0.55": {
          "total_trades": 447,
          "winning_trades": 213,
          "losing_trades": 234,
          "win_rate": 47.651006711409394,
          "total_pips": 1177.6499999993907,
          "avg_pips": 2.6345637583878987,
          "profit_factor": 1.3447856891905603
        },
        "0.60": {
          "total_trades": 447,
          "winning_trades": 213,
          "losing_trades": 234,
          "win_rate": 47.651006711409394,
          "total_pips": 1177.6499999993907,
          "avg_pips": 2.6345637583878987,
          "profit_factor": 1.3447856891905603
        },
        "0.65": {
          "total_trades": 447,
          "winning_trades": 213,
          "losing_trades": 234,
          "win_rate": 47.651006711409394,
          "total_pips": 1177.6499999993907,
          "avg_pips": 2.6345637583878987,
          "profit_factor": 1.3447856891905603
        },
        "0.70": {
          "total_trades": 447,
          "winning_trades": 213,
          "losing_trades": 234,
          "win_rate": 47.651006711409394,
          "total_pips": 1177.6499999993907,
          "avg_pips": 2.6345637583878987,
          "profit_factor": 1.3447856891905603
        },
        "0.75": {
          "total_trades": 400,
          "winning_trades": 196,
          "losing_trades": 204,
          "win_rate": 49.0,
          "total_pips": 1226.6499999994628,
          "avg_pips": 3.0666249999986572,
          "profit_factor": 1.4109104917591273
        }
      }
    },
    {
      "window_id": 4,
      "train_period": "2021-07 to 2023-06",
      "test_period": "2023-07 to 2023-12",
      "total_trades": 399,
      "win_rate": 49.87468671679198,
      "total_pips": 1136.199999999472,
      "profit_factor": 1.3850350740449908,
      "model_accuracies": {
        "1H": 0.6762212353653613,
        "4H": 0.7133655394524959,
        "D": 0.6336633663366337
      },
      "initial_balance": 10000.0,
      "final_balance": 30048.146439498345,
      "total_return_pct": 200.48146439498345,
      "max_drawdown_pct": 12.557689283282011,
      "total_pnl_usd": 20048.14643949835,
      "by_threshold": {
        "0.55": {
          "total_trades": 399,
          "winning_trades": 199,
          "losing_trades": 200,
          "win_rate": 49.87468671679198,
          "total_pips": 1136.199999999472,
          "avg_pips": 2.8476190476177243,
          "profit_factor": 1.3850350740449908
        },
        "0.60": {
          "total_trades": 399,
          "winning_trades": 199,
          "losing_trades": 200,
          "win_rate": 49.87468671679198,
          "total_pips": 1136.199999999472,
          "avg_pips": 2.8476190476177243,
          "profit_factor": 1.3850350740449908
        },
        "0.65": {
          "total_trades": 399,