{
  "weights": {
    "1H": 0.6,
    "4H": 0.3,
    "D": 0.1
  },
  "agreement_bonus": 0.05,
  "use_regime_adjustment": true,
  "regime_weights": {
    "trending": {
      "1H": 0.5,
      "4H": 0.35,
      "D": 0.15
    },
    "ranging": {
      "1H": 0.7,
      "4H": 0.25,
      "D": 0.05
    },
    "volatile": {
      "1H": 0.6,
      "4H": 0.35,
      "D": 0.05
    }
  },
  "use_dynamic_weights": false,
  "dynamic_weight_window": 50,
  "dynamic_weight_min": 0.1,
  "dynamic_weight_blend": 0.5,
  "min_confidence": 0.55,
  "min_agreement": 0.5,
  "training_results": {
    "1H": {
      "train_accuracy": 0.8745932754880694,
      "val_accuracy": 0.7001084598698482,
      "train_samples": 7376,
      "val_samples": 1844,
      "val_acc_conf_55": 0.7295302013422819,
      "val_samples_conf_55": 1490,
      "val_acc_conf_60": 0.7544014084507042,
      "val_samples_conf_60": 1136,
      "val_acc_conf_65": 0.7833537331701347,
      "val_samples_conf_65": 817,
      "val_acc_conf_70": 0.8046744574290484,
      "val_samples_conf_70": 599
    },
    "4H": {
      "train_accuracy": 0.8793009284543966,
      "val_accuracy": 0.6520787746170679,
      "train_samples": 1831,
      "val_samples": 457,
      "val_acc_conf_55": 0.716012084592145,
      "val_samples_conf_55": 331,
      "val_acc_conf_60": 0.7606837606837606,
      "val_samples_conf_60": 234,
      "val_acc_conf_65": 0.7730061349693251,
      "val_samples_conf_65": 163,
      "val_acc_conf_70": 0.8378378378378378,
      "val_samples_conf_70": 74
    },
    "D": {
      "train_accuracy": 0.9205776173285198,
      "val_accuracy": 0.4057971014492754,
      "train_samples": 277,
      "val_samples": 69,
      "val_acc_conf_55": 0.40298507462686567,
      "val_samples_conf_55": 67,
      "val_acc_conf_60": 0.43103448275862066,
      "val_samples_conf_60": 58,
      "val_acc_conf_65": 0.46153846153846156,
      "val_samples_conf_65": 52,
      "val_acc_conf_70": 0.4888888888888889,
      "val_samples_conf_70": 45
    },
    "stacking": {
      "meta_train_accuracy": 0.6788321167883211,
      "meta_val_accuracy": 0.6857142857142857,
      "train_samples": 137,
      "val_samples": 35,
      "meta_val_acc_conf_55": 0.6857142857142857,
      "meta_val_samples_conf_55": 35,
      "meta_val_acc_conf_60": 0.6857142857142857,
      "meta_val_samples_conf_60": 35,
      "meta_val_acc_conf_65": 0.7419354838709677,
      "meta_val_samples_conf_65": 31,
      "meta_val_acc_conf_70": 0.8823529411764706,
      "meta_val_samples_conf_70": 17
    }
  },
  "use_stacking": true
}