{
  "weights": {
    "1H": 0.6,
    "4H": 0.3,
    "D": 0.1
  },
  "agreement_bonus": 0.05,
  "use_regime_adjustment": true,
  "regime_weights": {
    "trending": {
      "1H": 0.5,
      "4H": 0.35,
      "D": 0.15
    },
    "ranging": {
      "1H": 0.7,
      "4H": 0.25,
      "D": 0.05
    },
    "volatile": {
      "1H": 0.6,
      "4H": 0.35,
      "D": 0.05
    }
  },
  "use_dynamic_weights": false,
  "dynamic_weight_window": 50,
  "dynamic_weight_min": 0.1,
  "dynamic_weight_blend": 0.5,
  "min_confidence": 0.55,
  "min_agreement": 0.5,
  "training_results": {
    "1H": {
      "train_accuracy": 0.8422594987873888,
      "val_accuracy": 0.6612772837510105,
      "train_samples": 9896,
      "val_samples": 2474,
      "val_acc_conf_55": 0.6826375711574952,
      "val_samples_conf_55": 2108,
      "val_acc_conf_60": 0.702718006795017,
      "val_samples_conf_60": 1766,
      "val_acc_conf_65": 0.7251748251748251,
      "val_samples_conf_65": 1430,
      "val_acc_conf_70": 0.7451879010082493,
      "val_samples_conf_70": 1091
    },
    "4H": {
      "train_accuracy": 0.8445428916633105,
      "val_accuracy": 0.6709677419354839,
      "train_samples": 2483,
      "val_samples": 620,
      "val_acc_conf_55": 0.708502024291498,
      "val_samples_conf_55": 494,
      "val_acc_conf_60": 0.7512953367875648,
      "val_samples_conf_60": 386,
      "val_acc_conf_65": 0.792332268370607,
      "val_samples_conf_65": 313,
      "val_acc_conf_70": 0.8379446640316206,
      "val_samples_conf_70": 253
    },
    "D": {
      "train_accuracy": 0.9282178217821783,
      "val_accuracy": 0.5445544554455446,
      "train_samples": 404,
      "val_samples": 101,
      "val_acc_conf_55": 0.5604395604395604,
      "val_samples_conf_55": 91,
      "val_acc_conf_60": 0.5540540540540541,
      "val_samples_conf_60": 74,
      "val_acc_conf_65": 0.6216216216216216,
      "val_samples_conf_65": 37,
      "val_acc_conf_70": 0.75,
      "val_samples_conf_70": 12
    },
    "stacking": {
      "meta_train_accuracy": 0.695364238410596,
      "meta_val_accuracy": 0.5263157894736842,
      "train_samples": 302,
      "val_samples": 76,
      "meta_val_acc_conf_55": 0.5294117647058824,
      "meta_val_samples_conf_55": 68,
      "meta_val_acc_conf_60": 0.5573770491803278,
      "meta_val_samples_conf_60": 61,
      "meta_val_acc_conf_65": 0.6052631578947368,
      "meta_val_samples_conf_65": 38,
      "meta_val_acc_conf_70": 0.7333333333333333,
      "meta_val_samples_conf_70": 30
    }
  },
  "use_stacking": true
}