{
  "weights": {
    "1H": 0.6,
    "4H": 0.3,
    "D": 0.1
  },
  "agreement_bonus": 0.05,
  "use_regime_adjustment": true,
  "regime_weights": {
    "trending": {
      "1H": 0.5,
      "4H": 0.35,
      "D": 0.15
    },
    "ranging": {
      "1H": 0.7,
      "4H": 0.25,
      "D": 0.05
    },
    "volatile": {
      "1H": 0.6,
      "4H": 0.35,
      "D": 0.05
    }
  },
  "use_dynamic_weights": false,
  "dynamic_weight_window": 50,
  "dynamic_weight_min": 0.1,
  "dynamic_weight_blend": 0.5,
  "min_confidence": 0.55,
  "min_agreement": 0.5,
  "training_results": {
    "1H": {
      "train_accuracy": 0.8429006085192697,
      "val_accuracy": 0.6543610547667342,
      "train_samples": 9860,
      "val_samples": 2465,
      "val_acc_conf_55": 0.6857976653696498,
      "val_samples_conf_55": 2056,
      "val_acc_conf_60": 0.7193627450980392,
      "val_samples_conf_60": 1632,
      "val_acc_conf_65": 0.7541766109785203,
      "val_samples_conf_65": 1257,
      "val_acc_conf_70": 0.8020954598370198,
      "val_samples_conf_70": 859
    },
    "4H": {
      "train_accuracy": 0.8540824575586096,
      "val_accuracy": 0.6585760517799353,
      "train_samples": 2474,
      "val_samples": 618,
      "val_acc_conf_55": 0.689453125,
      "val_samples_conf_55": 512,
      "val_acc_conf_60": 0.6980676328502415,
      "val_samples_conf_60": 414,
      "val_acc_conf_65": 0.7261538461538461,
      "val_samples_conf_65": 325,
      "val_acc_conf_70": 0.7454545454545455,
      "val_samples_conf_70": 220
    },
    "D": {
      "train_accuracy": 0.9081885856079405,
      "val_accuracy": 0.5,
      "train_samples": 403,
      "val_samples": 100,
      "val_acc_conf_55": 0.5217391304347826,
      "val_samples_conf_55": 69,
      "val_acc_conf_60": 0.5128205128205128,
      "val_samples_conf_60": 39,
      "val_acc_conf_65": 0.4375,
      "val_samples_conf_65": 16,
      "val_acc_conf_70": 1.0,
      "val_samples_conf_70": 4
    },
    "stacking": {
      "meta_train_accuracy": 0.6854304635761589,
      "meta_val_accuracy": 0.6052631578947368,
      "train_samples": 302,
      "val_samples": 76,
      "meta_val_acc_conf_55": 0.5555555555555556,
      "meta_val_samples_conf_55": 63,
      "meta_val_acc_conf_60": 0.627906976744186,
      "meta_val_samples_conf_60": 43,
      "meta_val_acc_conf_65": 0.6176470588235294,
      "meta_val_samples_conf_65": 34,
      "meta_val_acc_conf_70": 0.6428571428571429,
      "meta_val_samples_conf_70": 14
    }
  },
  "use_stacking": true
}