{
  "timestamp": "2026-01-27T18:48:45.297997",
  "config": {
    "train_months": 24,
    "test_months": 6,
    "step_months": 6,
    "min_confidence": 0.6,
    "sentiment": true,
    "stacking": true,
    "stacking_blend": 0.0,
    "initial_balance": 10000.0,
    "risk_per_trade": 0.02,
    "use_calibration": false
  },
  "windows": [
    {
      "window_id": 1,
      "train_period": "2020-01 to 2021-12",
      "test_period": "2022-01 to 2022-06",
      "total_trades": 173,
      "win_rate": 58.95953757225434,
      "total_pips": 1308.1999999997595,
      "profit_factor": 2.2484015650344777,
      "model_accuracies": {
        "1H": 0.6612772837510105,
        "4H": 0.6709677419354839,
        "D": 0.5445544554455446
      },
      "initial_balance": 10000.0,
      "final_balance": 21831.547270749914,
      "total_return_pct": 118.31547270749914,
      "max_drawdown_pct": 15.02250349875109,
      "total_pnl_usd": 18342.73915331904,
      "by_threshold": {
        "0.55": {
          "total_trades": 173,
          "winning_trades": 102,
          "losing_trades": 71,
          "win_rate": 58.95953757225434,
          "total_pips": 1308.1999999997595,
          "avg_pips": 7.561849710981269,
          "profit_factor": 2.2484015650344777
        },
        "0.60": {
          "total_trades": 173,
          "winning_trades": 102,
          "losing_trades": 71,
          "win_rate": 58.95953757225434,
          "total_pips": 1308.1999999997595,
          "avg_pips": 7.561849710981269,
          "profit_factor": 2.2484015650344777
        },
        "0.65": {
          "total_trades": 158,
          "winning_trades": 93,
          "losing_trades": 65,
          "win_rate": 58.86075949367089,
          "total_pips": 1186.8499999997794,
          "avg_pips": 7.511708860758097,
          "profit_factor": 2.217032403609169
        },
        "0.70": {
          "total_trades": 137,
          "winning_trades": 84,
          "losing_trades": 53,
          "win_rate": 61.31386861313869,
          "total_pips": 1172.849999999801,
          "avg_pips": 8.560948905108036,
          "profit_factor": 2.463501372597558
        },
        "0.75": {
          "total_trades": 121,
          "winning_trades": 78,
          "losing_trades": 43,
          "win_rate": 64.46280991735537,
          "total_pips": 1175.9999999998238,
          "avg_pips": 9.719008264461353,
          "profit_factor": 2.805758157389178
        }
      }
    },
    {
      "window_id": 2,
      "train_period": "2020-07 to 2022-06",
      "test_period": "2022-07 to 2022-12",
      "total_trades": 117,
      "win_rate": 58.119658119658126,
      "total_pips": 883.7499999998189,
      "profit_factor": 2.1769994006788695,
      "model_accuracies": {
        "1H": 0.6298096395301742,
        "4H": 0.5702746365105008,
        "D": 0.32673267326732675
      },
      "initial_balance": 10000.0,
      "final_balance": 17522.610779852126,
      "total_return_pct": 75.22610779852126,
      "max_drawdown_pct": 15.01111955752313,
      "total_pnl_usd": 11476.845979469981,
      "by_threshold": {
        "0.55": {
          "total_trades": 117,
          "winning_trades": 68,
          "losing_trades": 49,
          "win_rate": 58.119658119658126,
          "total_pips": 883.7499999998189,
          "avg_pips": 7.553418803417255,
          "profit_factor": 2.1769994006788695
        },
        "0.60": {
          "total_trades": 117,
          "winning_trades": 68,
          "losing_trades": 49,
          "win_rate": 58.119658119658126,
          "total_pips": 883.7499999998189,
          "avg_pips": 7.553418803417255,
          "profit_factor": 2.1769994006788695
        },
        "0.65": {
          "total_trades": 104,
          "winning_trades": 61,
          "losing_trades": 43,
          "win_rate": 58.65384615384615,
          "total_pips": 805.2499999998396,
          "avg_pips": 7.742788461536919,
          "profit_factor": 2.2240632362997013
        },
        "0.70": {
          "total_trades": 93,
          "winning_trades": 57,
          "losing_trades": 36,
          "win_rate": 61.29032258064516,
          "total_pips": 815.7499999998574,
          "avg_pips": 8.771505376342553,
          "profit_factor": 2.484936743423638
        },
        "0.75": {
          "total_trades": 84,
          "winning_trades": 50,
          "losing_trades": 34,
          "win_rate": 59.523809523809526,
          "total_pips": 675.2499999998718,
          "avg_pips": 8.03869047618895,
          "profit_factor": 2.302691231792812
        }
      }
    },
    {
      "window_id": 3,
      "train_period": "2021-01 to 2022-12",
      "test_period": "2023-01 to 2023-06",
      "total_trades": 191,
      "win_rate": 52.879581151832454,
      "total_pips": 958.9499999997231,
      "profit_factor": 1.7316040434862723,
      "model_accuracies": {
        "1H": 0.6711165048543689,
        "4H": 0.6951612903225807,
        "D": 0.58
      },
      "initial_balance": 10000.0,
      "final_balance": 14013.420058509795,
      "total_return_pct": 40.13420058509795,
      "max_drawdown_pct": 15.001648821057586,
      "total_pnl_usd": 8826.879339918747,
      "by_threshold": {
        "0.55": {
          "total_trades": 191,
          "winning_trades": 101,
          "losing_trades": 90,
          "win_rate": 52.879581151832454,
          "total_pips": 958.9499999997231,
          "avg_pips": 5.020680628270801,
          "profit_factor": 1.7316040434862723
        },
        "0.60": {
          "total_trades": 191,
          "winning_trades": 101,
          "losing_trades": 90,
          "win_rate": 52.879581151832454,
          "total_pips": 958.9499999997231,
          "avg_pips": 5.020680628270801,
          "profit_factor": 1.7316040434862723
        },
        "0.65": {
          "total_trades": 179,
          "winning_trades": 97,
          "losing_trades": 82,
          "win_rate": 54.18994413407822,
          "total_pips": 959.349999999739,
          "avg_pips": 5.359497206702453,
          "profit_factor": 1.7913143894087076
        },
        "0.70": {
          "total_trades": 169,
          "winning_trades": 93,
          "losing_trades": 76,
          "win_rate": 55.02958579881657,
          "total_pips": 944.8499999997529,
          "avg_pips": 5.590828402365402,
          "profit_factor": 1.8370022589357855
        },
        "0.75": {
          "total_trades": 157,
          "winning_trades": 87,
          "losing_trades": 70,
          "win_rate": 55.4140127388535,
          "total_pips": 888.9999999997688,
          "avg_pips": 5.662420382164132,
          "profit_factor": 1.8498637732418928
        }
      }
    },
    {
      "window_id": 4,
      "train_period": "2021-07 to 2023-06",
      "test_period": "2023-07 to 2023-12",
      "total_trades": 82,
      "win_rate": 50.0,
      "total_pips": 272.34999999988133,
      "profit_factor": 1.4432419236713383,
      "model_accuracies": {
        "1H": 0.6762212353653613,
        "4H": 0.7133655394524959,
        "D": 0.6336633663366337
      },
      "initial_balance": 10000.0,
      "final_balance": 11004.248442109923,
      "total_return_pct": 10.042484421099235,
      "max_drawdown_pct": 15.007369267138495,
      "total_pnl_usd": 3197.919620251193,
      "by_threshold": {
        "0.55": {
          "total_trades": 82,
          "winning_trades": 41,
          "losing_trades": 41,
          "win_rate": 50.0,
          "total_pips": 272.34999999988133,
          "avg_pips": 3.321341463413187,
          "profit_factor": 1.4432419236713383
        },
        "0.60": {
          "total_trades": 82,
          "winning_trades": 41,
          "losing_trades": 41,
          "win_rate": 50.0,
          "total_pips": 272.34999999988133,
          "avg_pips": 3.321341463413187,
          "profit_factor": 1.4432419236713383
        },
        "0.65": {
          "total_trades": 76,
          "winning_trades": 39,
          "losing_trades": 37,