{
  "weights": {
    "1H": 0.6,
    "4H": 0.3,
    "D": 0.1
  },
  "agreement_bonus": 0.05,
  "use_regime_adjustment": true,
  "regime_weights": {
    "trending": {
      "1H": 0.5,
      "4H": 0.35,
      "D": 0.15
    },
    "ranging": {
      "1H": 0.7,
      "4H": 0.25,
      "D": 0.05
    },
    "volatile": {
      "1H": 0.6,
      "4H": 0.35,
      "D": 0.05
    }
  },
  "use_dynamic_weights": false,
  "dynamic_weight_window": 50,
  "dynamic_weight_min": 0.1,
  "dynamic_weight_blend": 0.5,
  "min_confidence": 0.55,
  "min_agreement": 0.5,
  "training_results": {
    "1H": {
      "train_accuracy": 0.7441902037897747,
      "val_accuracy": 0.6798069187449718,
      "train_samples": 22376,
      "val_samples": 7458,
      "val_acc_conf_55": 0.7107771853288092,
      "val_samples_conf_55": 6189,
      "val_acc_conf_60": 0.7428457869634341,
      "val_samples_conf_60": 5032,
      "val_acc_conf_65": 0.7806057520997709,
      "val_samples_conf_65": 3929,
      "val_acc_conf_70": 0.8215158924205379,
      "val_samples_conf_70": 2863
    },
    "4H": {
      "train_accuracy": 0.7542240027869709,
      "val_accuracy": 0.6889702038682697,
      "train_samples": 5741,
      "val_samples": 1913,
      "val_acc_conf_55": 0.7175141242937854,
      "val_samples_conf_55": 1593,
      "val_acc_conf_60": 0.7432536622976099,
      "val_samples_conf_60": 1297,
      "val_acc_conf_65": 0.7613526570048309,
      "val_samples_conf_65": 1035,
      "val_acc_conf_70": 0.8316195372750642,
      "val_samples_conf_70": 778
    },
    "D": {
      "train_accuracy": 0.6575729068673566,
      "val_accuracy": 0.5903954802259888,
      "train_samples": 1063,
      "val_samples": 354,
      "val_acc_conf_55": 0.6033755274261603,
      "val_samples_conf_55": 237,
      "val_acc_conf_60": 0.75,
      "val_samples_conf_60": 4
    },
    "stacking": {
      "meta_train_accuracy": 0.7703180212014135,
      "meta_val_accuracy": 0.5563380281690141,
      "train_samples": 566,
      "val_samples": 142,
      "meta_val_acc_conf_55": 0.5491803278688525,
      "meta_val_samples_conf_55": 122,
      "meta_val_acc_conf_60": 0.5714285714285714,
      "meta_val_samples_conf_60": 91,
      "meta_val_acc_conf_65": 0.5362318840579711,
      "meta_val_samples_conf_65": 69,
      "meta_val_acc_conf_70": 0.5714285714285714,
      "meta_val_samples_conf_70": 42
    }
  },
  "use_stacking": true
}