{
  "weights": {
    "1H": 0.6,
    "4H": 0.3,
    "D": 0.1
  },
  "agreement_bonus": 0.05,
  "use_regime_adjustment": true,
  "regime_weights": {
    "trending": {
      "1H": 0.5,
      "4H": 0.35,
      "D": 0.15
    },
    "ranging": {
      "1H": 0.7,
      "4H": 0.25,
      "D": 0.05
    },
    "volatile": {
      "1H": 0.6,
      "4H": 0.35,
      "D": 0.05
    }
  },
  "use_dynamic_weights": false,
  "dynamic_weight_window": 50,
  "dynamic_weight_min": 0.1,
  "dynamic_weight_blend": 0.5,
  "min_confidence": 0.55,
  "min_agreement": 0.5,
  "training_results": {
    "1H": {
      "train_accuracy": 0.8649487317862925,
      "val_accuracy": 0.6589314624932542,
      "train_samples": 7412,
      "val_samples": 1853,
      "val_acc_conf_55": 0.6886731391585761,
      "val_samples_conf_55": 1545,
      "val_acc_conf_60": 0.7178861788617886,
      "val_samples_conf_60": 1230,
      "val_acc_conf_65": 0.7686567164179104,
      "val_samples_conf_65": 938,
      "val_acc_conf_70": 0.7962962962962963,
      "val_samples_conf_70": 648
    },
    "4H": {
      "train_accuracy": 0.8582292232482347,
      "val_accuracy": 0.6978260869565217,
      "train_samples": 1841,
      "val_samples": 460,
      "val_acc_conf_55": 0.7092198581560284,
      "val_samples_conf_55": 423,
      "val_acc_conf_60": 0.7088948787061995,
      "val_samples_conf_60": 371,
      "val_acc_conf_65": 0.717607973421927,
      "val_samples_conf_65": 301,
      "val_acc_conf_70": 0.7566371681415929,
      "val_samples_conf_70": 226
    },
    "D": {
      "train_accuracy": 0.9071428571428571,
      "val_accuracy": 0.4857142857142857,
      "train_samples": 280,
      "val_samples": 70,
      "val_acc_conf_55": 0.4857142857142857,
      "val_samples_conf_55": 70,
      "val_acc_conf_60": 0.4857142857142857,
      "val_samples_conf_60": 70,
      "val_acc_conf_65": 0.45454545454545453,
      "val_samples_conf_65": 66,
      "val_acc_conf_70": 0.47619047619047616,
      "val_samples_conf_70": 63
    },
    "stacking": {
      "meta_train_accuracy": 0.7338129496402878,
      "meta_val_accuracy": 0.6571428571428571,
      "train_samples": 139,
      "val_samples": 35,
      "meta_val_acc_conf_55": 0.7142857142857143,
      "meta_val_samples_conf_55": 28,
      "meta_val_acc_conf_60": 0.8235294117647058,
      "meta_val_samples_conf_60": 17,
      "meta_val_acc_conf_65": 0.9166666666666666,
      "meta_val_samples_conf_65": 12,
      "meta_val_acc_conf_70": 0.9166666666666666,
      "meta_val_samples_conf_70": 12
    }
  },
  "use_stacking": true
}