{
  "weights": {
    "1H": 0.6,
    "4H": 0.3,
    "D": 0.1
  },
  "agreement_bonus": 0.05,
  "use_regime_adjustment": true,
  "regime_weights": {
    "trending": {
      "1H": 0.5,
      "4H": 0.35,
      "D": 0.15
    },
    "ranging": {
      "1H": 0.7,
      "4H": 0.25,
      "D": 0.05
    },
    "volatile": {
      "1H": 0.6,
      "4H": 0.35,
      "D": 0.05
    }
  },
  "use_dynamic_weights": false,
  "dynamic_weight_window": 50,
  "dynamic_weight_min": 0.1,
  "dynamic_weight_blend": 0.5,
  "min_confidence": 0.55,
  "min_agreement": 0.5,
  "training_results": {
    "1H": {
      "train_accuracy": 0.8465972292446152,
      "val_accuracy": 0.6711165048543689,
      "train_samples": 9889,
      "val_samples": 2472,
      "val_acc_conf_55": 0.7020348837209303,
      "val_samples_conf_55": 2064,
      "val_acc_conf_60": 0.7477092241905925,
      "val_samples_conf_60": 1637,
      "val_acc_conf_65": 0.7871621621621622,
      "val_samples_conf_65": 1184,
      "val_acc_conf_70": 0.8171160609613131,
      "val_samples_conf_70": 853
    },
    "4H": {
      "train_accuracy": 0.8512096774193548,
      "val_accuracy": 0.6951612903225807,
      "train_samples": 2480,
      "val_samples": 620,
      "val_acc_conf_55": 0.7195357833655706,
      "val_samples_conf_55": 517,
      "val_acc_conf_60": 0.7512562814070352,
      "val_samples_conf_60": 398,
      "val_acc_conf_65": 0.7791798107255521,
      "val_samples_conf_65": 317,
      "val_acc_conf_70": 0.8025751072961373,
      "val_samples_conf_70": 233
    },
    "D": {
      "train_accuracy": 0.890818858560794,
      "val_accuracy": 0.58,
      "train_samples": 403,
      "val_samples": 100,
      "val_acc_conf_55": 0.58,
      "val_samples_conf_55": 100,
      "val_acc_conf_60": 0.5714285714285714,
      "val_samples_conf_60": 98,
      "val_acc_conf_65": 0.5625,
      "val_samples_conf_65": 96,
      "val_acc_conf_70": 0.5697674418604651,
      "val_samples_conf_70": 86
    },
    "stacking": {
      "meta_train_accuracy": 0.7814569536423841,
      "meta_val_accuracy": 0.5394736842105263,
      "train_samples": 302,
      "val_samples": 76,
      "meta_val_acc_conf_55": 0.5211267605633803,
      "meta_val_samples_conf_55": 71,
      "meta_val_acc_conf_60": 0.5147058823529411,
      "meta_val_samples_conf_60": 68,
      "meta_val_acc_conf_65": 0.6666666666666666,
      "meta_val_samples_conf_65": 36,
      "meta_val_acc_conf_70": 0.7333333333333333,
      "meta_val_samples_conf_70": 30
    }
  },
  "use_stacking": true
}